NAME_2,amenity,n
Abashiri,pharmacy,3
Abiko,dentist,1
Abiko,hospital,6
Abiko,pharmacy,2
Adachi,clinic,42
Adachi,dentist,14
Adachi,doctors,31
Adachi,hospital,2
Adachi,pharmacy,73
Agematsu,hospital,4
Agematsu,pharmacy,1
Ageo,clinic,1
Ageo,dentist,9
Ageo,doctors,12
Ageo,hospital,10
Ageo,pharmacy,21
Aguni,doctors,1
Aikawa,dentist,6
Aikawa,doctors,2
Aikawa,hospital,10
Aikawa,pharmacy,13
Ainan,hospital,4
Aioi,hospital,5
Aira,hospital,2
Aisai,dentist,4
Aisai,doctors,4
Aisai,hospital,3
Aisai,pharmacy,1
Aizumi,hospital,2
Aizumisato,hospital,1
Aizumisato,pharmacy,3
Aizuwakamatsu,clinic,2
Aizuwakamatsu,dentist,25
Aizuwakamatsu,doctors,79
Aizuwakamatsu,hospital,6
Aizuwakamatsu,pharmacy,83
Aizuwakamatsu,NA,1
Akaiwa,hospital,2
Akaiwa,pharmacy,3
Akashi,clinic,86
Akashi,dentist,51
Akashi,doctors,7
Akashi,hospital,19
Akashi,pharmacy,96
Aki,hospital,3
Akiruno,clinic,1
Akiruno,dentist,1
Akiruno,hospital,11
Akiruno,pharmacy,18
Akishima,clinic,3
Akishima,dentist,3
Akishima,hospital,6
Akishima,pharmacy,10
Akita,clinic,102
Akita,dentist,69
Akita,doctors,4
Akita,hospital,19
Akita,pharmacy,87
Akita,NA,1
Akune,dentist,4
Akune,doctors,10
Akune,hospital,2
Akune,pharmacy,3
Ama,doctors,1
Amagasaki,clinic,27
Amagasaki,dentist,38
Amagasaki,doctors,45
Amagasaki,hospital,31
Amagasaki,pharmacy,71
Amagasaki,NA,2
Amakusa,doctors,3
Amakusa,hospital,14
Amami,dentist,3
Amami,doctors,6
Amami,hospital,7
Amami,pharmacy,6
Ami,clinic,1
Ami,hospital,1
Ami,pharmacy,5
Anamizu,hospital,2
Anan,hospital,8
Anan,pharmacy,1
Annaka,doctors,2
Annaka,hospital,2
Anpachi,clinic,1
Aomori,clinic,87
Aomori,dentist,40
Aomori,doctors,2
Aomori,hospital,9
Aomori,pharmacy,82
Arai,dentist,1
Arai,doctors,1
Arai,pharmacy,1
Arakawa,clinic,18
Arakawa,dentist,15
Arakawa,doctors,19
Arakawa,hospital,1
Arakawa,pharmacy,27
Aridagawa,hospital,2
Arita,clinic,2
Arita,dentist,1
Arita,hospital,1
Arita,pharmacy,2
Asagiri,hospital,1
Asago,doctors,2
Asago,hospital,2
Asago,pharmacy,1
Asahi,clinic,1
Asahi,dentist,5
Asahi,doctors,2
Asahi,hospital,11
Asahi,pharmacy,7
Asahikawa,doctors,6
Asahikawa,hospital,3
Asahikawa,pharmacy,6
Asaka,clinic,2
Asaka,dentist,1
Asaka,hospital,6
Asaka,pharmacy,10
Asakuchi,clinic,1
Asakuchi,dentist,1
Asakuchi,hospital,5
Asakura,doctors,1
Asakura,hospital,7
Ashibetsu,clinic,1
Ashibetsu,dentist,1
Ashibetsu,hospital,2
Ashibetsu,pharmacy,1
Ashikaga,dentist,11
Ashikaga,doctors,9
Ashikaga,pharmacy,17
Ashikita,hospital,1
Ashiya,clinic,35
Ashiya,dentist,15
Ashiya,doctors,11
Ashiya,hospital,5
Ashiya,pharmacy,22
Aso,hospital,5
Assabu,hospital,1
Atami,dentist,2
Atami,doctors,3
Atami,hospital,6
Atami,pharmacy,5
Atsugi,clinic,2
Atsugi,dentist,41
Atsugi,doctors,48
Atsugi,hospital,11
Atsugi,pharmacy,48
Atsugi,NA,1
Awa,clinic,1
Awa,dentist,1
Awa,hospital,4
Awaji,clinic,1
Awaji,dentist,4
Awaji,doctors,1
Awaji,hospital,4
Awaji,pharmacy,4
Awara,dentist,2
Awara,doctors,4
Awara,hospital,1
Awara,pharmacy,3
Awashimaura,hospital,1
Ayabe,clinic,11
Ayabe,dentist,8
Ayabe,doctors,1
Ayabe,hospital,3
Ayabe,pharmacy,8
Ayagawa,hospital,2
Ayagawa,pharmacy,2
Ayase,dentist,8
Ayase,doctors,10
Ayase,hospital,5
Ayase,pharmacy,14
Azumino,pharmacy,1
Bandai,pharmacy,1
Beppu,doctors,1
Beppu,hospital,27
Bibai,hospital,1
Biei,pharmacy,1
Bihoro,clinic,1
Bihoro,hospital,1
Bizen,hospital,5
Bungotakada,hospital,3
Buzen,hospital,2
Chatan,dentist,1
Chatan,hospital,5
Chatan,pharmacy,4
Chiba,clinic,11
Chiba,dentist,52
Chiba,doctors,65
Chiba,hospital,108
Chiba,pharmacy,74
Chichibu,clinic,1
Chichibu,dentist,1
Chichibu,hospital,7
Chichibu,pharmacy,3
Chigasaki,clinic,3
Chigasaki,dentist,8
Chigasaki,doctors,4
Chigasaki,hospital,8
Chigasaki,pharmacy,11
Chikugo,hospital,1
Chikuma,clinic,1
Chikusei,dentist,4
Chikusei,doctors,2
Chikusei,hospital,2
Chikusei,pharmacy,3
Chikusei,NA,1
Chikushino,doctors,1
Chikushino,hospital,13
Chikushino,pharmacy,2
Chikuzen,hospital,5
China,hospital,1
Chino,dentist,1
Chino,pharmacy,2
Chita,clinic,1
Chita,hospital,2
Chitose,dentist,43
Chitose,doctors,32
Chitose,hospital,7
Chitose,pharmacy,13
Chiyoda,clinic,8
Chiyoda,dentist,66
Chiyoda,doctors,41
Chiyoda,hospital,8
Chiyoda,pharmacy,63
Chiyoda,NA,3
Chizu,dentist,1
Chizu,doctors,1
Chizu,pharmacy,1
Daigo,pharmacy,2
Daisen,clinic,1
Daisen,dentist,1
Daisen,doctors,3
Daisen,hospital,6
Daisen,pharmacy,4
Date,clinic,1
Date,dentist,1
Date,hospital,2
Date,pharmacy,6
Dazaifu,dentist,1
Dazaifu,doctors,3
Dazaifu,hospital,6
Dazaifu,pharmacy,4
Ebetsu,clinic,5
Ebetsu,dentist,8
Ebetsu,doctors,3
Ebetsu,hospital,4
Ebetsu,pharmacy,8
Ebina,clinic,10
Ebina,dentist,24
Ebina,doctors,22
Ebina,hospital,6
Ebina,pharmacy,27
Ebina,NA,1
Ebino,hospital,5
Echizen,hospital,2
Edogawa,clinic,20
Edogawa,dentist,44
Edogawa,doctors,46
Edogawa,hospital,27
Edogawa,pharmacy,82
Eiheiji,hospital,1
Ena,doctors,3
Ena,hospital,2
Engaru,hospital,1
Engaru,pharmacy,1
Eniwa,hospital,1
Etajima,hospital,5
Fuefuki,hospital,5
Fuefuki,pharmacy,9
Fuji,clinic,5
Fuji,dentist,3
Fuji,doctors,22
Fuji,hospital,9
Fuji,pharmacy,19
Fujieda,clinic,1
Fujieda,dentist,3
Fujieda,doctors,6
Fujieda,hospital,5
Fujieda,pharmacy,12
Fujiidera,clinic,27
Fujiidera,dentist,9
Fujiidera,doctors,1
Fujiidera,hospital,1
Fujiidera,pharmacy,14
Fujikawaguchiko,doctors,1
Fujikawaguchiko,hospital,1
Fujikawaguchiko,pharmacy,2
Fujimi,clinic,1
Fujimi,dentist,2
Fujimi,doctors,7
Fujimi,hospital,6
Fujimi,pharmacy,10
Fujimino,clinic,2
Fujimino,dentist,5
Fujimino,doctors,13
Fujimino,hospital,6
Fujimino,pharmacy,12
Fujinomiya,dentist,3
Fujinomiya,doctors,5
Fujinomiya,hospital,7
Fujinomiya,pharmacy,8
Fujioka,clinic,2
Fujioka,dentist,7
Fujioka,doctors,7
Fujioka,hospital,5
Fujioka,pharmacy,9
Fujisawa,clinic,5
Fujisawa,dentist,24
Fujisawa,doctors,36
Fujisawa,hospital,13
Fujisawa,pharmacy,47
Fujiyoshida,dentist,1
Fujiyoshida,doctors,2
Fujiyoshida,hospital,1
Fujiyoshida,pharmacy,7
Fukagawa,hospital,1
Fukaya,dentist,2
Fukaya,hospital,12
Fukaya,pharmacy,3
Fukuchi,hospital,4
Fukuchi,pharmacy,2
Fukuchiyama,clinic,14
Fukuchiyama,dentist,2
Fukuchiyama,doctors,4
Fukuchiyama,hospital,6
Fukuchiyama,pharmacy,12
Fukui,clinic,5
Fukui,dentist,7
Fukui,doctors,12
Fukui,hospital,40
Fukui,pharmacy,18
Fukuoka,clinic,14
Fukuoka,dentist,52
Fukuoka,doctors,38
Fukuoka,hospital,114
Fukuoka,pharmacy,70
Fukuoka,NA,1
Fukuroi,dentist,16
Fukuroi,doctors,42
Fukuroi,hospital,2
Fukuroi,pharmacy,12
Fukusaki,clinic,2
Fukusaki,doctors,1
Fukusaki,hospital,2
Fukusaki,pharmacy,5
Fukushima,clinic,3
Fukushima,dentist,3
Fukushima,doctors,8
Fukushima,hospital,9
Fukushima,pharmacy,12
Fukutsu,dentist,4
Fukutsu,doctors,9
Fukutsu,hospital,1
Fukutsu,pharmacy,6
Fukuyama,clinic,4
Fukuyama,dentist,4
Fukuyama,doctors,5
Fukuyama,hospital,53
Fukuyama,pharmacy,6
Funabashi,clinic,32
Funabashi,dentist,41
Funabashi,doctors,17
Funabashi,hospital,27
Funabashi,pharmacy,77
Funabashi,NA,1
Funagata,clinic,1
Funagata,pharmacy,1
Funahashi,dentist,1
Funahashi,doctors,1
Furano,pharmacy,4
Fussa,clinic,1
Fussa,dentist,5
Fussa,hospital,5
Fussa,pharmacy,16
Futtsu,clinic,1
Futtsu,dentist,1
Futtsu,hospital,5
Futtsu,pharmacy,2
Gero,clinic,2
Gero,dentist,1
Gero,doctors,1
Gero,hospital,2
Gero,pharmacy,1
Gifu,dentist,3
Gifu,doctors,7
Gifu,hospital,39
Gifu,pharmacy,12
Gifu,NA,2
Ginan,hospital,1
Ginowan,dentist,1
Ginowan,doctors,2
Ginowan,hospital,8
Ginowan,pharmacy,9
Ginoza,hospital,1
Gokase,hospital,1
Gose,clinic,11
Gose,dentist,7
Gose,doctors,3
Gose,hospital,1
Gose,pharmacy,3
Goshogawara,clinic,2
Goshogawara,dentist,4
Goshogawara,pharmacy,6
Gotemba,dentist,1
Gotemba,doctors,1
Gotemba,hospital,7
Gotemba,pharmacy,2
Habikino,clinic,7
Habikino,dentist,10
Habikino,hospital,6
Habikino,pharmacy,5
Haboro,pharmacy,2
Hachimantai,dentist,1
Hachinohe,clinic,80
Hachinohe,dentist,48
Hachinohe,doctors,3
Hachinohe,hospital,3
Hachinohe,pharmacy,67
Hadano,clinic,2
Hadano,dentist,4
Hadano,doctors,3
Hadano,hospital,8
Hadano,pharmacy,5
Haebaru,hospital,5
Haga,hospital,1
Hagi,doctors,1
Hagi,hospital,5
Hakone,dentist,1
Hakone,hospital,1
Hakone,pharmacy,3
Hakuba,dentist,2
Hakuba,pharmacy,4
Hakui,doctors,1
Hakui,hospital,2
Hakui,pharmacy,2
Hakusan,clinic,6
Hakusan,dentist,2
Hakusan,doctors,1
Hakusan,hospital,3
Hakusan,pharmacy,8
Hamada,hospital,5
Hamamatsu,clinic,8
Hamamatsu,dentist,57
Hamamatsu,doctors,118
Hamamatsu,hospital,42
Hamamatsu,pharmacy,88
Hamamatsu,NA,2
Hamura,clinic,6
Hamura,dentist,13
Hamura,doctors,2
Hamura,hospital,4
Hamura,pharmacy,20
Hanamaki,clinic,10
Hanamaki,dentist,7
Hanamaki,hospital,1
Hanamaki,pharmacy,16
Handa,dentist,6
Handa,doctors,7
Handa,hospital,1
Handa,pharmacy,4
Hannan,clinic,11
Hannan,dentist,14
Hannan,hospital,4
Hannan,pharmacy,19
Harima,clinic,1
Harima,dentist,2
Harima,pharmacy,2
Hasami,hospital,2
Hashima,hospital,2
Hashimoto,clinic,3
Hashimoto,dentist,5
Hashimoto,doctors,57
Hashimoto,hospital,6
Hashimoto,pharmacy,17
Hasuda,clinic,2
Hasuda,dentist,5
Hasuda,doctors,1
Hasuda,hospital,1
Hasuda,pharmacy,3
Hatogaya,hospital,3
Hatogaya,pharmacy,3
Hatoyama,hospital,2
Hatsukaichi,doctors,3
Hatsukaichi,hospital,10
Hatsukaichi,pharmacy,2
Hayama,dentist,3
Hayama,doctors,1
Hayama,pharmacy,1
Hekinan,dentist,2
Hekinan,doctors,1
Hekinan,hospital,4
Hekinan,pharmacy,1
Hida,doctors,1
Hida,hospital,4
Hida,pharmacy,1
Hidaka,clinic,1
Hidaka,dentist,4
Hidaka,doctors,2
Hidaka,hospital,3
Hidaka,pharmacy,6
Hidaka,NA,1
Higashihiroshima,clinic,1
Higashihiroshima,dentist,6
Higashihiroshima,doctors,7
Higashihiroshima,hospital,21
Higashihiroshima,pharmacy,4
Higashiizu,hospital,3
Higashiizumo,dentist,1
Higashiizumo,hospital,1
Higashikagawa,dentist,1
Higashikagawa,doctors,7
Higashikagawa,hospital,2
Higashikagawa,pharmacy,4
Higashikurume,clinic,2
Higashikurume,dentist,5
Higashikurume,doctors,2
Higashikurume,hospital,4
Higashikurume,pharmacy,12
Higashimatsushima,clinic,12
Higashimatsushima,dentist,7
Higashimatsushima,hospital,2
Higashimatsushima,pharmacy,9
Higashimatsuyama,clinic,5
Higashimatsuyama,dentist,9
Higashimatsuyama,doctors,5
Higashimatsuyama,hospital,6
Higashimatsuyama,pharmacy,18
Higashimatsuyama,NA,1
Higashimurayama,clinic,3
Higashimurayama,dentist,3
Higashimurayama,doctors,1
Higashimurayama,hospital,17
Higashimurayama,pharmacy,13
Higashine,clinic,21
Higashine,dentist,12
Higashine,hospital,1
Higashine,pharmacy,18
Higashishirakawa,hospital,1
Higashisonogi,hospital,1
Higashiura,doctors,1
Higashiyamato,doctors,1
Higashiyamato,hospital,9
Higashiyamato,pharmacy,6
Hiji,hospital,3
Hikawa,hospital,1
Hikawa,pharmacy,1
Hikone,clinic,39
Hikone,dentist,21
Hikone,hospital,6
Hikone,pharmacy,46
Himeji,clinic,14
Himeji,dentist,29
Himeji,doctors,16
Himeji,hospital,42
Himeji,pharmacy,44
Himi,dentist,2
Himi,doctors,1
Himi,hospital,3
Himi,pharmacy,1
Himi,NA,2
Hino,clinic,7
Hino,dentist,32
Hino,doctors,27
Hino,hospital,8
Hino,pharmacy,49
Hinode,dentist,1
Hinode,hospital,5
Hinode,pharmacy,1
Hinokage,hospital,1
Hioki,hospital,8
Hioki,pharmacy,1
Hirado,hospital,8
Hiraizumi,clinic,1
Hiraizumi,dentist,2
Hiraizumi,pharmacy,2
Hirakata,clinic,95
Hirakata,dentist,59
Hirakata,doctors,16
Hirakata,hospital,28
Hirakata,pharmacy,84
Hirakawa,pharmacy,1
Hiranai,clinic,2
Hiranai,pharmacy,2
Hirao,hospital,1
Hirata,hospital,1
Hirata,pharmacy,1
Hiratsuka,dentist,7
Hiratsuka,doctors,9
Hiratsuka,hospital,11
Hiratsuka,pharmacy,22
Hirokawa,hospital,4
Hirosaki,clinic,10
Hirosaki,dentist,11
Hirosaki,doctors,11
Hirosaki,hospital,13
Hirosaki,pharmacy,29
Hirosaki,NA,1
Hiroshima,clinic,6
Hiroshima,dentist,28
Hiroshima,doctors,27
Hiroshima,hospital,124
Hiroshima,pharmacy,58
Hisayama,dentist,1
Hisayama,doctors,4
Hisayama,hospital,1
Hita,doctors,1
Hita,hospital,18
Hita,pharmacy,1
Hitachi,dentist,1
Hitachi,hospital,1
Hitachi,pharmacy,2
Hitachinaka,hospital,1
Hitachinaka,pharmacy,4
Hitoyoshi,clinic,3
Hitoyoshi,dentist,1
Hitoyoshi,hospital,10
Hitoyoshi,pharmacy,2
Hodatsushimizu,hospital,1
Hokota,pharmacy,3
Hokuto,dentist,3
Hokuto,doctors,1
Hokuto,hospital,2
Hokuto,pharmacy,3
Horonobe,doctors,1
Ibara,clinic,3
Ibara,dentist,1
Ibara,hospital,5
Ibara,pharmacy,9
Ibaraki,clinic,45
Ibaraki,dentist,38
Ibaraki,doctors,15
Ibaraki,hospital,6
Ibaraki,pharmacy,36
Ibigawa,doctors,5
Ibigawa,pharmacy,2
Ibusuki,clinic,1
Ibusuki,dentist,2
Ibusuki,hospital,11
Ibusuki,pharmacy,1
Ichihara,dentist,2
Ichihara,doctors,2
Ichihara,hospital,13
Ichihara,pharmacy,3
Ichikawa,clinic,6
Ichikawa,dentist,11
Ichikawa,doctors,16
Ichikawa,hospital,9
Ichikawa,pharmacy,17
Ichikikushikino,hospital,8
Ichikikushikino,pharmacy,3
Ichinohe,doctors,1
Ichinomiya,clinic,1
Ichinomiya,hospital,1
Ichinomiya,pharmacy,1
Ichinoseki,clinic,21
Ichinoseki,dentist,17
Ichinoseki,doctors,2
Ichinoseki,hospital,4
Ichinoseki,pharmacy,23
Ie,doctors,1
Iga,clinic,1
Iga,dentist,4
Iga,doctors,1
Iga,hospital,9
Iga,pharmacy,11
Iheya,doctors,1
Iida,clinic,1
Iida,doctors,1
Iida,hospital,3
Iida,pharmacy,3
Iide,clinic,1
Iide,pharmacy,1
Iijima,dentist,3
Iijima,doctors,4
Iijima,pharmacy,1
Iinan,hospital,1
Iiyama,dentist,1
Iiyama,pharmacy,2
Iizuka,hospital,9
Iizuna,hospital,1
Iizuna,pharmacy,1
Ikeda,clinic,18
Ikeda,dentist,7
Ikeda,doctors,3
Ikeda,hospital,2
Ikeda,pharmacy,14
Iki,dentist,2
Iki,doctors,1
Iki,hospital,7
Ikoma,clinic,2
Ikoma,dentist,7
Ikoma,doctors,7
Ikoma,hospital,8
Ikoma,pharmacy,15
Imabari,clinic,1
Imabari,dentist,2
Imabari,doctors,2
Imabari,hospital,32
Imabari,pharmacy,16
Imabetsu,hospital,1
Imabetsu,pharmacy,1
Imakane,hospital,1
Imari,clinic,3
Imari,dentist,3
Imari,hospital,14
Imari,pharmacy,5
Imizu,dentist,2
Imizu,doctors,2
Imizu,hospital,6
Imizu,pharmacy,1
Ina,clinic,5
Ina,dentist,6
Ina,doctors,3
Ina,hospital,5
Ina,pharmacy,29
Inabe,doctors,1
Inabe,hospital,3
Inagawa,dentist,1
Inagawa,doctors,1
Inagawa,hospital,2
Inagawa,pharmacy,2
Inagi,dentist,4
Inagi,doctors,5
Inagi,hospital,2
Inagi,pharmacy,9
Inami,clinic,1
Inami,dentist,3
Inami,hospital,2
Inami,pharmacy,1
Inashiki,pharmacy,1
Inawashiro,doctors,1
Inawashiro,pharmacy,7
Inazawa,clinic,2
Inazawa,doctors,1
Inazawa,hospital,2
Inazawa,pharmacy,5
Inba,hospital,1
Ino,hospital,4
Ino,pharmacy,1
Inuyama,dentist,3
Inuyama,doctors,1
Inuyama,hospital,4
Inuyama,pharmacy,2
Inzai,doctors,1
Inzai,hospital,1
Inzai,pharmacy,1
Iruma,clinic,3
Iruma,dentist,4
Iruma,doctors,8
Iruma,hospital,9
Iruma,pharmacy,8
Isahaya,dentist,1
Isahaya,hospital,19
Ise,clinic,2
Ise,dentist,10
Ise,doctors,16
Ise,hospital,6
Ise,pharmacy,9
Ise,NA,1
Isehara,clinic,1
Isehara,dentist,5
Isehara,doctors,5
Isehara,hospital,3
Isehara,pharmacy,9
Isesaki,clinic,4
Isesaki,dentist,1
Isesaki,doctors,1
Isesaki,hospital,8
Isesaki,pharmacy,11
Ishigaki,clinic,1
Ishigaki,dentist,15
Ishigaki,doctors,2
Ishigaki,hospital,1
Ishigaki,pharmacy,2
Ishii,hospital,3
Ishikari,dentist,1
Ishikari,hospital,3
Ishikari,pharmacy,2
Ishinomaki,clinic,41
Ishinomaki,dentist,32
Ishinomaki,doctors,8
Ishinomaki,hospital,10
Ishinomaki,pharmacy,51
Ishioka,dentist,2
Ishioka,hospital,4
Ishioka,pharmacy,3
Isshiki,doctors,1
Isshiki,hospital,2
Isumi,hospital,3
Isumi,pharmacy,1
Itabashi,clinic,39
Itabashi,dentist,27
Itabashi,doctors,22
Itabashi,hospital,9
Itabashi,pharmacy,61
Itabashi,NA,1
Itako,hospital,1
Itami,clinic,29
Itami,dentist,14
Itami,doctors,7
Itami,hospital,12
Itami,pharmacy,23
Itano,hospital,2
Itoda,hospital,1
Itoigawa,pharmacy,1
Itoman,clinic,1
Itoman,dentist,2
Itoman,doctors,1
Itoman,hospital,6
Itoman,pharmacy,2
Iwade,clinic,1
Iwade,doctors,1
Iwade,hospital,4
Iwafune,doctors,2
Iwafune,pharmacy,1
Iwaki,clinic,3
Iwaki,dentist,14
Iwaki,doctors,5
Iwaki,hospital,10
Iwaki,pharmacy,18
Iwakuni,hospital,17
Iwakura,dentist,1
Iwakura,doctors,12
Iwakura,hospital,6
Iwakura,pharmacy,6
Iwami,hospital,1
Iwamizawa,clinic,6
Iwamizawa,dentist,4
Iwamizawa,doctors,5
Iwamizawa,hospital,3
Iwamizawa,pharmacy,17
Iwanuma,clinic,11
Iwanuma,dentist,15
Iwanuma,doctors,3
Iwanuma,pharmacy,16
Iwata,dentist,19
Iwata,doctors,20
Iwata,hospital,6
Iwata,pharmacy,2
Iyo,clinic,2
Iyo,hospital,7
Iyo,pharmacy,1
Izena,doctors,1
Izu,dentist,1
Izu,doctors,2
Izu,hospital,5
Izu,pharmacy,1
Izumi,clinic,22
Izumi,dentist,20
Izumi,doctors,1
Izumi,hospital,17
Izumi,pharmacy,27
Izumisano,clinic,28
Izumisano,dentist,18
Izumisano,doctors,1
Izumisano,hospital,17
Izumisano,pharmacy,26
Izumizaki,pharmacy,1
Izumo,hospital,6
Izunokuni,dentist,3
Izunokuni,hospital,6
Kadena,clinic,1
Kadena,hospital,1
Kadena,pharmacy,2
Kadoma,clinic,17
Kadoma,dentist,10
Kadoma,doctors,8
Kadoma,hospital,6
Kadoma,pharmacy,20
Kadoma,NA,1
Kaga,hospital,7
Kaga,pharmacy,1
Kagamiishi,doctors,6
Kagamino,hospital,2
Kagoshima,clinic,7
Kagoshima,dentist,17
Kagoshima,doctors,3
Kagoshima,hospital,117
Kagoshima,pharmacy,55
Kagoshima,NA,5
Kahoku,clinic,7
Kahoku,dentist,2
Kahoku,hospital,4
Kahoku,pharmacy,12
Kai,dentist,4
Kai,hospital,4
Kai,pharmacy,10
Kaisei,doctors,1
Kaisei,hospital,2
Kaisei,pharmacy,1
Kaizu,dentist,1
Kaizu,hospital,2
Kaizu,pharmacy,1
Kaizuka,clinic,24
Kaizuka,dentist,12
Kaizuka,doctors,3
Kaizuka,hospital,11
Kaizuka,pharmacy,31
Kajiki,hospital,6
Kakamigahara,dentist,1
Kakamigahara,hospital,4
Kakamigahara,pharmacy,2
Kakegawa,dentist,16
Kakegawa,doctors,18
Kakegawa,hospital,3
Kakegawa,pharmacy,27
Kakogawa,clinic,57
Kakogawa,dentist,46
Kakogawa,doctors,13
Kakogawa,hospital,15
Kakogawa,pharmacy,49
Kakuda,clinic,13
Kakuda,dentist,8
Kakuda,doctors,1
Kakuda,hospital,2
Kakuda,pharmacy,19
Kama,clinic,1
Kama,hospital,8
Kamagaya,clinic,8
Kamagaya,dentist,10
Kamagaya,doctors,12
Kamagaya,hospital,4
Kamagaya,pharmacy,20
Kamaishi,clinic,1
Kamaishi,dentist,9
Kamaishi,doctors,12
Kamaishi,hospital,3
Kamaishi,pharmacy,19
Kamakura,clinic,5
Kamakura,dentist,19
Kamakura,doctors,26
Kamakura,hospital,12
Kamakura,pharmacy,31
Kameoka,clinic,1
Kameoka,dentist,4
Kameoka,doctors,4
Kameoka,hospital,4
Kameoka,pharmacy,7
Kameyama,hospital,4
Kami,clinic,1
Kami,dentist,1
Kami,doctors,1
Kami,hospital,11
Kami,pharmacy,8
Kamiichi,dentist,1
Kamiichi,hospital,1
Kamiita,hospital,1
Kamikawa,hospital,1
Kamikawa,pharmacy,2
Kamikitayama,doctors,1
Kaminokuni,dentist,2
Kaminokuni,hospital,1
Kaminoyama,clinic,13
Kaminoyama,dentist,8
Kaminoyama,hospital,2
Kaminoyama,pharmacy,7
Kamisato,hospital,1
Kamisato,pharmacy,1
Kamishihoro,dentist,1
Kamishihoro,doctors,2
Kamishihoro,hospital,1
Kamishihoro,pharmacy,3
Kamisu,dentist,4
Kamisu,doctors,6
Kamisu,hospital,3
Kamisu,pharmacy,7
Kamisunagawa,doctors,1
Kamisunagawa,hospital,1
Kamitonda,clinic,1
Kamitonda,hospital,1
Kamitonda,pharmacy,5
Kamiyama,dentist,1
Kamo,hospital,1
Kamogawa,hospital,5
Kamogawa,pharmacy,4
Kanazawa,clinic,2
Kanazawa,dentist,6
Kanazawa,doctors,4
Kanazawa,hospital,44
Kanazawa,pharmacy,19
Kanazawa,NA,1
Kanda,doctors,1
Kanda,hospital,3
Kani,dentist,1
Kani,doctors,1
Kani,hospital,10
Kani,pharmacy,2
Kanie,dentist,7
Kanie,doctors,8
Kanie,hospital,3
Kanie,pharmacy,3
Kannami,clinic,1
Kannami,doctors,2
Kannami,hospital,5
Kannami,pharmacy,2
Kanoya,clinic,1
Kanoya,dentist,4
Kanoya,hospital,19
Kanoya,pharmacy,1
Kanuma,pharmacy,3
Kanzaki,doctors,1
Kanzaki,hospital,4
Kanzaki,pharmacy,1
Karatsu,clinic,1
Karatsu,dentist,1
Karatsu,hospital,17
Karatsu,pharmacy,3
Kariya,clinic,3
Kariya,dentist,23
Kariya,doctors,41
Kariya,hospital,4
Kariya,pharmacy,16
Kariya,NA,1
Karuizawa,clinic,1
Karuizawa,dentist,1
Karuizawa,pharmacy,4
Kasai,clinic,22
Kasai,dentist,3
Kasai,doctors,1
Kasai,hospital,2
Kasai,pharmacy,8
Kasama,pharmacy,4
Kasaoka,clinic,3
Kasaoka,hospital,9
Kasaoka,pharmacy,8
Kashiba,clinic,5
Kashiba,dentist,8
Kashiba,doctors,5
Kashiba,hospital,12
Kashiba,pharmacy,16
Kashihara,clinic,21
Kashihara,dentist,12
Kashihara,doctors,9
Kashihara,hospital,9
Kashihara,pharmacy,10
Kashima,hospital,8
Kashiwa,clinic,3
Kashiwa,dentist,9
Kashiwa,doctors,8
Kashiwa,hospital,21
Kashiwa,pharmacy,29
Kashiwara,clinic,10
Kashiwara,dentist,11
Kashiwara,doctors,1
Kashiwara,hospital,4
Kashiwara,pharmacy,16
Kashiwazaki,hospital,2
Kasuga,clinic,1
Kasuga,dentist,2
Kasuga,doctors,4
Kasuga,hospital,3
Kasuga,pharmacy,1
Kasugai,clinic,1
Kasugai,dentist,13
Kasugai,doctors,10
Kasugai,hospital,13
Kasugai,pharmacy,14
Kasugai,NA,1
Kasukabe,clinic,2
Kasukabe,dentist,3
Kasukabe,doctors,3
Kasukabe,hospital,30
Kasukabe,pharmacy,22
Kasukabe,NA,2
Kasumigaura,pharmacy,2
Kasuya,hospital,6
Kasuya,pharmacy,1
Katano,clinic,12
Katano,dentist,8
Katano,hospital,1
Katano,pharmacy,12
Katashina,doctors,1
Katashina,pharmacy,1
Katori,clinic,1
Katori,dentist,3
Katori,doctors,3
Katori,hospital,5
Katori,pharmacy,7
Katsuragi,clinic,5
Katsuragi,dentist,4
Katsuragi,hospital,2
Katsuragi,pharmacy,10
Katsushika,clinic,19
Katsushika,dentist,19
Katsushika,doctors,55
Katsushika,hospital,4
Katsushika,pharmacy,50
Katsuura,hospital,2
Katsuyama,hospital,4
Katsuyama,pharmacy,1
Kawabe,hospital,1
Kawachinagano,clinic,15
Kawachinagano,dentist,15
Kawachinagano,doctors,10
Kawachinagano,hospital,6
Kawachinagano,pharmacy,15
Kawachinagano,NA,1
Kawagoe,clinic,2
Kawagoe,dentist,10
Kawagoe,doctors,11
Kawagoe,hospital,26
Kawagoe,pharmacy,17
Kawaguchi,clinic,8
Kawaguchi,dentist,4
Kawaguchi,doctors,6
Kawaguchi,hospital,15
Kawaguchi,pharmacy,25
Kawai,clinic,1
Kawai,dentist,1
Kawai,pharmacy,1
Kawakita,pharmacy,1
Kawaminami,hospital,2
Kawamoto,hospital,1
Kawanehon,doctors,2
Kawanehon,pharmacy,1
Kawanishi,clinic,2
Kawanishi,dentist,5
Kawanishi,doctors,2
Kawanishi,hospital,15
Kawanishi,pharmacy,6
Kawasaki,clinic,34
Kawasaki,dentist,120
Kawasaki,doctors,92
Kawasaki,hospital,47
Kawasaki,pharmacy,184
Kawasaki,NA,1
Kawatana,hospital,1
Kawazu,dentist,1
Kawazu,hospital,1
Kazo,clinic,3
Kazo,dentist,5
Kazo,doctors,3
Kazo,hospital,4
Kazo,pharmacy,5
Kazuno,hospital,3
Kesennuma,clinic,11
Kesennuma,dentist,14
Kesennuma,doctors,4
Kesennuma,hospital,2
Kesennuma,pharmacy,16
Kihoku,clinic,2
Kihoku,dentist,1
Kihoku,doctors,2
Kihoku,hospital,3
Kihoku,pharmacy,8
Kikai,doctors,1
Kikai,hospital,1
Kikonai,pharmacy,3
Kikuchi,dentist,1
Kikuchi,hospital,2
Kikugawa,clinic,4
Kikugawa,dentist,12
Kikugawa,doctors,11
Kikugawa,hospital,1
Kikugawa,pharmacy,8
Kimitsu,clinic,3
Kimitsu,dentist,3
Kimitsu,doctors,1
Kimitsu,hospital,4
Kimitsu,pharmacy,11
Kimotsuki,dentist,1
Kimotsuki,doctors,2
Kimotsuki,hospital,2
Kimotsuki,pharmacy,1
Kin,clinic,1
Kin,pharmacy,1
Kinokawa,hospital,2
Kinokawa,pharmacy,2
Kinomoto,clinic,2
Kinomoto,dentist,3
Kira,dentist,3
Kira,doctors,2
Kira,pharmacy,2
Kirishima,doctors,6
Kirishima,hospital,18
Kirishima,pharmacy,1
Kisai,dentist,2
Kisai,doctors,1
Kisai,hospital,2
Kisai,pharmacy,3
Kisarazu,clinic,1
Kisarazu,dentist,7
Kisarazu,doctors,3
Kisarazu,hospital,11
Kisarazu,pharmacy,11
Kishiwada,clinic,44
Kishiwada,dentist,26
Kishiwada,doctors,3
Kishiwada,hospital,23
Kishiwada,pharmacy,46
Kiso,hospital,2
Kiso,pharmacy,1
Kita,clinic,33
Kita,dentist,50
Kita,doctors,64
Kita,hospital,5
Kita,pharmacy,85
Kitaakita,clinic,6
Kitaakita,dentist,5
Kitaakita,doctors,1
Kitaakita,pharmacy,8
Kitahiroshima,dentist,4
Kitahiroshima,doctors,7
Kitahiroshima,hospital,7
Kitahiroshima,pharmacy,7
Kitaibaraki,doctors,1
Kitajima,hospital,2
Kitakami,clinic,32
Kitakami,dentist,20
Kitakami,doctors,2
Kitakami,hospital,2
Kitakami,pharmacy,26
Kitakata,dentist,4
Kitakata,doctors,1
Kitakata,hospital,6
Kitakata,pharmacy,4
Kitami,clinic,1
Kitami,dentist,2
Kitami,doctors,3
Kitami,hospital,6
Kitami,pharmacy,5
Kitamoto,dentist,2
Kitamoto,doctors,3
Kitamoto,hospital,3
Kitamoto,pharmacy,5
Kitanagoya,dentist,4
Kitanagoya,doctors,4
Kitanagoya,hospital,3
Kitanagoya,pharmacy,3
Kitanakagusuku,hospital,4
Kitashiobara,clinic,1
Kitsuki,hospital,11
Kiyama,hospital,2
Kiyama,pharmacy,1
Kiyokawa,hospital,1
Kiyokawa,pharmacy,1
Kiyose,clinic,2
Kiyose,doctors,6
Kiyose,hospital,11
Kiyose,pharmacy,3
Kiyosu,dentist,2
Kiyosu,doctors,2
Kiyosu,hospital,4
Kiyosu,pharmacy,1
Kiyotake,hospital,1
Kizugawa,clinic,8
Kizugawa,dentist,3
Kizugawa,hospital,1
Kizugawa,pharmacy,6
Kobayashi,doctors,1
Kobayashi,hospital,10
Kobe,clinic,197
Kobe,dentist,145
Kobe,doctors,105
Kobe,hospital,56
Kobe,pharmacy,240
Kodaira,clinic,1
Kodaira,dentist,4
Kodaira,doctors,6
Kodaira,hospital,4
Kodaira,pharmacy,12
Koga,clinic,1
Koga,hospital,7
Koga,pharmacy,6
Koganei,clinic,1
Koganei,dentist,17
Koganei,doctors,13
Koganei,hospital,4
Koganei,pharmacy,14
Kokonoe,clinic,1
Kokubunji,clinic,1
Kokubunji,dentist,13
Kokubunji,doctors,17
Kokubunji,hospital,7
Kokubunji,pharmacy,16
Komae,dentist,14
Komae,doctors,15
Komae,pharmacy,10
Komagane,hospital,1
Komagane,pharmacy,5
Komaki,clinic,1
Komaki,doctors,1
Komaki,hospital,2
Komaki,pharmacy,12
Komatsu,clinic,3
Komatsu,dentist,2
Komatsu,doctors,1
Komatsu,hospital,14
Komatsu,pharmacy,1
Komatsushima,hospital,10
Komatsushima,pharmacy,1
Komono,dentist,1
Komono,hospital,1
Komoro,clinic,1
Komoro,dentist,1
Komoro,hospital,1
Komoro,pharmacy,3
Konan,hospital,3
Kosai,dentist,3
Kosai,doctors,2
Kosai,pharmacy,4
Koshigaya,clinic,4
Koshigaya,dentist,2
Koshigaya,doctors,5
Koshigaya,hospital,15
Koshigaya,pharmacy,20
Kotake,hospital,1
Kotohira,hospital,4
Kotoura,dentist,1
Kotoura,hospital,1
Koumi,doctors,1
Kozagawa,hospital,3
Kudamatsu,dentist,9
Kudamatsu,doctors,21
Kudamatsu,hospital,4
Kudamatsu,pharmacy,3
Kuji,hospital,1
Kuji,pharmacy,1
Kuki,hospital,7
Kuki,pharmacy,1
Kumagaya,clinic,1
Kumagaya,doctors,3
Kumagaya,hospital,14
Kumagaya,pharmacy,3
Kumamoto,clinic,3
Kumamoto,dentist,4
Kumamoto,doctors,6
Kumamoto,hospital,85
Kumamoto,pharmacy,7
Kumano,clinic,2
Kumano,doctors,1
Kumano,hospital,1
Kumano,pharmacy,5
Kumatori,clinic,6
Kumatori,dentist,3
Kumatori,hospital,1
Kumatori,pharmacy,4
Kumejima,hospital,3
Kumejima,pharmacy,1
Kumiyama,dentist,2
Kumiyama,doctors,1
Kumiyama,hospital,3
Kumiyama,pharmacy,3
Kunigami,doctors,1
Kunisaki,dentist,2
Kunisaki,doctors,3
Kunisaki,hospital,2
Kunitachi,dentist,4
Kunitachi,doctors,2
Kunitachi,hospital,7
Kunitachi,pharmacy,8
Kunitomi,hospital,3
Kurashiki,clinic,41
Kurashiki,dentist,29
Kurashiki,doctors,13
Kurashiki,hospital,30
Kurashiki,pharmacy,45
Kurate,hospital,1
Kurayoshi,clinic,3
Kurayoshi,dentist,1
Kurayoshi,doctors,9
Kurayoshi,hospital,6
Kurayoshi,pharmacy,3
Kure,dentist,3
Kure,doctors,4
Kure,hospital,25
Kure,pharmacy,2
Kurihara,clinic,28
Kurihara,dentist,23
Kurihara,doctors,1
Kurihara,hospital,6
Kurihara,pharmacy,39
Kurihashi,hospital,1
Kurihashi,pharmacy,1
Kuriyama,clinic,1
Kuriyama,pharmacy,4
Kurobe,clinic,3
Kurobe,dentist,1
Kurobe,doctors,1
Kurobe,hospital,4
Kurobe,pharmacy,4
Kuroishi,clinic,1
Kuroishi,pharmacy,1
Kuroshio,hospital,1
Kurume,clinic,12
Kurume,dentist,9
Kurume,doctors,2
Kurume,hospital,35
Kurume,pharmacy,15
Kusatsu,clinic,20
Kusatsu,dentist,14
Kusatsu,doctors,9
Kusatsu,hospital,8
Kusatsu,pharmacy,19
Kusatsu,NA,1
Kushima,hospital,3
Kushima,pharmacy,2
Kushimoto,clinic,1
Kushimoto,dentist,1
Kushimoto,doctors,2
Kushimoto,hospital,3
Kushimoto,pharmacy,4
Kusu,hospital,3
Kutchan,clinic,3
Kutchan,dentist,2
Kutchan,doctors,5
Kutchan,hospital,2
Kutchan,pharmacy,2
Kuwana,clinic,1
Kuwana,doctors,4
Kuwana,hospital,11
Kuwana,pharmacy,6
Kyonan,hospital,2
Kyoto,clinic,41
Kyoto,dentist,81
Kyoto,doctors,135
Kyoto,hospital,113
Kyoto,pharmacy,160
Kyoto,NA,4
Machida,clinic,17
Machida,dentist,94
Machida,doctors,114
Machida,hospital,15
Machida,pharmacy,128
Maebaru,hospital,6
Maebaru,pharmacy,1
Maebashi,clinic,3
Maebashi,dentist,3
Maebashi,doctors,1
Maebashi,hospital,25
Maebashi,pharmacy,20
Maebashi,NA,1
Maibara,clinic,1
Maibara,dentist,2
Maibara,doctors,5
Maibara,hospital,1
Maibara,pharmacy,4
Maizuru,clinic,10
Maizuru,dentist,12
Maizuru,doctors,6
Maizuru,hospital,12
Maizuru,pharmacy,13
Makinohara,dentist,2
Makinohara,doctors,1
Makinohara,hospital,1
Makinohara,pharmacy,4
Makurazaki,hospital,11
Makurazaki,pharmacy,2
Mamurogawa,hospital,1
Mamurogawa,pharmacy,2
Maniwa,clinic,1
Maniwa,dentist,1
Maniwa,doctors,2
Maniwa,hospital,7
Maniwa,pharmacy,2
Marugame,clinic,1
Marugame,dentist,2
Marugame,hospital,26
Marugame,pharmacy,14
Marumori,clinic,3
Marumori,dentist,1
Marumori,hospital,1
Marumori,pharmacy,3
Mashiki,hospital,5
Mashiko,doctors,1
Masuda,hospital,2
Masuda,pharmacy,3
Masuho,hospital,1
Masuho,pharmacy,1
Matsubara,clinic,43
Matsubara,dentist,22
Matsubara,hospital,10
Matsubara,pharmacy,43
Matsubushi,dentist,1
Matsubushi,hospital,3
Matsuda,doctors,1
Matsuda,pharmacy,2
Matsudo,clinic,25
Matsudo,dentist,97
Matsudo,doctors,56
Matsudo,hospital,50
Matsudo,pharmacy,125
Matsue,dentist,3
Matsue,doctors,3
Matsue,hospital,14
Matsue,pharmacy,2
Matsumae,hospital,3
Matsumae,pharmacy,4
Matsumoto,dentist,1
Matsumoto,doctors,1
Matsumoto,hospital,6
Matsumoto,pharmacy,10
Matsusaka,clinic,6
Matsusaka,dentist,4
Matsusaka,doctors,2
Matsusaka,hospital,10
Matsusaka,pharmacy,12
Matsushige,dentist,1
Matsushige,hospital,2
Matsushima,clinic,3
Matsushima,hospital,1
Matsushima,pharmacy,4
Matsuura,doctors,2
Matsuura,hospital,5
Matsuyama,clinic,14
Matsuyama,dentist,9
Matsuyama,doctors,2
Matsuyama,hospital,80
Matsuyama,pharmacy,19
Meguro,clinic,5
Meguro,dentist,19
Meguro,doctors,31
Meguro,hospital,19
Meguro,pharmacy,25
Meguro,NA,1
Meiwa,clinic,6
Meiwa,dentist,1
Meiwa,hospital,1
Meiwa,pharmacy,4
Midori,clinic,1
Midori,hospital,2
Midori,pharmacy,4
Mifune,hospital,1
Mihama,clinic,1
Mihama,dentist,2
Mihama,hospital,4
Mihama,pharmacy,3
Mihara,hospital,14
Mikasa,hospital,1
Mikasa,pharmacy,2
Mikawa,clinic,1
Miki,clinic,16
Miki,dentist,13
Miki,doctors,4
Miki,hospital,11
Miki,pharmacy,20
Mima,hospital,11
Mimasaka,dentist,1
Mimasaka,doctors,1
Mimasaka,hospital,2
Mimata,hospital,3
Minabe,clinic,3
Minabe,pharmacy,4
Minakami,hospital,2
Minakami,pharmacy,1
Minamata,hospital,9
Minami,hospital,3
Minamiaizu,doctors,1
Minamiaizu,hospital,1
Minamiaizu,pharmacy,6
Minamiashigara,hospital,2
Minamiaso,hospital,1
Minamiawaji,clinic,1
Minamiawaji,hospital,5
Minamiawaji,pharmacy,3
Minamichita,doctors,2
Minamichita,pharmacy,1
Minamiise,hospital,2
Minamiizu,hospital,2
Minamisanriku,pharmacy,4
Minamisatsuma,doctors,1
Minamisatsuma,hospital,9
Minamisatsuma,pharmacy,1
Minamishimabara,hospital,4
Minano,hospital,2
Mine,hospital,3
Mino,dentist,2
Mino,doctors,1
Mino,hospital,1
Mino,pharmacy,2
Minobu,hospital,3
Minobu,pharmacy,2
Minokamo,hospital,4
Misaki,dentist,1
Misaki,hospital,2
Misaki,pharmacy,2
Misasa,hospital,2
Misato,clinic,7
Misato,dentist,10
Misato,hospital,7
Misato,pharmacy,11
Misawa,clinic,10
Misawa,dentist,6
Misawa,hospital,3
Misawa,pharmacy,12
Mishima,clinic,1
Mishima,dentist,1
Mishima,doctors,1
Mishima,hospital,8
Mishima,pharmacy,4
Mitaka,clinic,7
Mitaka,dentist,41
Mitaka,doctors,36
Mitaka,hospital,7
Mitaka,pharmacy,48
Mitaka,NA,1
Mitake,hospital,1
Mitake,pharmacy,1
Mitane,hospital,1
Mito,clinic,1
Mito,dentist,25
Mito,doctors,23
Mito,hospital,3
Mito,pharmacy,28
Mitoyo,hospital,3
Miura,dentist,2
Miura,doctors,2
Miura,pharmacy,6
Miwa,dentist,1
Miwa,doctors,2
Miwa,pharmacy,1
Miyaki,doctors,1
Miyaki,hospital,1
Miyako,clinic,1
Miyako,dentist,2
Miyako,hospital,7
Miyako,pharmacy,7
Miyakojima,doctors,1
Miyakojima,hospital,6
Miyakojima,pharmacy,1
Miyama,hospital,1
Miyashiro,hospital,1
Miyashiro,pharmacy,3
Miyawaka,hospital,5
Miyazaki,clinic,3
Miyazaki,dentist,9
Miyazaki,doctors,3
Miyazaki,hospital,34
Miyazaki,pharmacy,9
Miyazaki,NA,4
Miyazu,clinic,3
Miyazu,doctors,1
Miyazu,hospital,1
Miyazu,pharmacy,3
Miyoshi,dentist,3
Miyoshi,doctors,7
Miyoshi,hospital,19
Miyoshi,pharmacy,7
Mizuho,doctors,1
Mizuho,hospital,2
Mizuho,pharmacy,1
Mizumaki,hospital,2
Mizunami,clinic,3
Mizunami,dentist,2
Mizunami,doctors,1
Mizunami,hospital,1
Mizunami,pharmacy,3
Mobara,hospital,9
Mobara,pharmacy,4
Mogami,clinic,1
Mogami,hospital,1
Mogami,pharmacy,6
Monbetsu,doctors,1
Morioka,clinic,21
Morioka,dentist,12
Morioka,doctors,13
Morioka,hospital,6
Morioka,pharmacy,22
Moriya,doctors,2
Moriya,hospital,1
Moriyama,clinic,30
Moriyama,dentist,15
Moriyama,hospital,3
Moriyama,pharmacy,24
Morotsuka,hospital,1
Moroyama,dentist,2
Moroyama,doctors,6
Moroyama,hospital,3
Moroyama,pharmacy,10
Motobu,hospital,1
Motomiya,clinic,1
Motomiya,pharmacy,1
Motosu,dentist,1
Motosu,doctors,1
Motoyama,hospital,1
Motoyoshi,dentist,1
Motoyoshi,pharmacy,2
Munakata,dentist,1
Munakata,hospital,8
Munakata,pharmacy,1
Murakami,dentist,1
Murakami,doctors,4
Murakami,pharmacy,5
Murata,clinic,1
Murata,dentist,5
Murata,doctors,1
Murata,hospital,1
Murata,pharmacy,9
Murayama,clinic,10
Murayama,dentist,7
Murayama,pharmacy,12
Muroran,clinic,1
Muroran,dentist,7
Muroran,doctors,15
Muroran,hospital,7
Muroran,pharmacy,11
Muroto,hospital,3
Musashimurayama,clinic,1
Musashimurayama,dentist,2
Musashimurayama,hospital,4
Musashimurayama,pharmacy,7
Musashino,clinic,7
Musashino,dentist,40
Musashino,doctors,32
Musashino,hospital,14
Musashino,pharmacy,45
Musashino,NA,1
Mutsu,clinic,2
Mutsu,dentist,2
Mutsu,doctors,2
Mutsu,pharmacy,11
Mutsuzawa,pharmacy,1
Nabari,clinic,24
Nabari,dentist,14
Nabari,doctors,2
Nabari,hospital,7
Nabari,pharmacy,26
Nachikatsuura,clinic,1
Nachikatsuura,hospital,1
Nachikatsuura,pharmacy,4
Nagahama,clinic,5
Nagahama,dentist,9
Nagahama,doctors,7
Nagahama,hospital,4
Nagahama,pharmacy,12
Nagai,clinic,14
Nagai,dentist,11
Nagai,pharmacy,11
Nagaizumi,dentist,1
Nagaizumi,doctors,3
Nagaizumi,hospital,2
Nagakute,clinic,1
Nagakute,dentist,2
Nagakute,doctors,1
Nagakute,hospital,10
Nagakute,pharmacy,4
Nagano,clinic,9
Nagano,dentist,8
Nagano,doctors,14
Nagano,hospital,9
Nagano,pharmacy,24
Naganohara,doctors,1
Naganohara,hospital,2
Naganohara,pharmacy,1
Nagaoka,clinic,1
Nagaoka,dentist,4
Nagaoka,doctors,1
Nagaoka,pharmacy,10
Nagara,hospital,1
Nagareyama,clinic,7
Nagareyama,dentist,9
Nagareyama,doctors,4
Nagareyama,hospital,12
Nagareyama,pharmacy,15
Nagasaki,clinic,2
Nagasaki,dentist,1
Nagasaki,doctors,7
Nagasaki,hospital,54
Nagasaki,pharmacy,8
Nagasaki,NA,1
Nagato,doctors,2
Nagato,hospital,6
Nagato,pharmacy,3
Nagatoro,pharmacy,1
Nagayo,doctors,1
Nagayo,hospital,4
Nagi,dentist,1
Nago,doctors,2
Nago,hospital,3
Nago,pharmacy,3
Nagoya,clinic,15
Nagoya,dentist,208
Nagoya,doctors,221
Nagoya,hospital,136
Nagoya,pharmacy,164
Naha,clinic,2
Naha,dentist,12
Naha,doctors,24
Naha,hospital,13
Naha,pharmacy,32
Naha,NA,2
Naka,hospital,1
Naka,pharmacy,1
Nakadomari,dentist,1
Nakadomari,doctors,1
Nakagawa,clinic,4
Nakagawa,dentist,2
Nakagawa,hospital,3
Nakagawa,pharmacy,4
Nakagusuku,dentist,1
Nakagusuku,pharmacy,1
Nakai,doctors,1
Nakama,hospital,2
Nakano,clinic,13
Nakano,dentist,71
Nakano,doctors,55
Nakano,hospital,17
Nakano,pharmacy,90
Nakasatsunai,pharmacy,1
Nakashibetsu,pharmacy,1
Nakatane,doctors,1
Nakatane,pharmacy,1
Nakatosa,hospital,1
Nakatsu,dentist,2
Nakatsu,doctors,3
Nakatsu,hospital,10
Nakatsu,pharmacy,4
Nakatsugawa,doctors,3
Nakatsugawa,hospital,3
Nakatsugawa,pharmacy,1
Nakayama,clinic,4
Nakayama,dentist,5
Nakayama,pharmacy,1
Nakijin,doctors,2
Nakijin,hospital,1
Nakijin,pharmacy,1
Namegata,hospital,1
Namegata,pharmacy,2
Namegawa,dentist,2
Namegawa,hospital,2
Namegawa,pharmacy,2
Namie,doctors,1
Nanae,doctors,1
Nanae,hospital,1
Nanao,dentist,2
Nanao,doctors,2
Nanao,hospital,9
Nanao,pharmacy,5
Nanbu,clinic,2
Nanbu,doctors,1
Nanbu,hospital,4
Nanbu,pharmacy,4
Nankoku,hospital,11
Nantan,dentist,2
Nantan,doctors,3
Nantan,hospital,6
Nantan,pharmacy,1
Nanto,hospital,7
Nanto,pharmacy,1
Nara,clinic,25
Nara,dentist,28
Nara,doctors,41
Nara,hospital,27
Nara,pharmacy,36
Nara,NA,1
Naraha,dentist,1
Naraha,hospital,1
Narashino,clinic,1
Narashino,dentist,10
Narashino,doctors,5
Narashino,hospital,12
Narashino,pharmacy,17
Narita,clinic,4
Narita,dentist,4
Narita,doctors,6
Narita,hospital,10
Narita,pharmacy,13
Naruto,hospital,7
Nasu,clinic,1
Nasu,dentist,4
Nasu,doctors,2
Nasu,hospital,2
Nasu,pharmacy,3
Nasukarasuyama,doctors,2
Nasukarasuyama,hospital,1
Nasukarasuyama,pharmacy,1
Nasushiobara,dentist,10
Nasushiobara,doctors,1
Nasushiobara,hospital,6
Nasushiobara,pharmacy,19
Natori,clinic,37
Natori,dentist,21
Natori,doctors,3
Natori,hospital,1
Natori,pharmacy,32
Nayoro,hospital,1
Nayoro,pharmacy,1
Nerima,clinic,19
Nerima,dentist,59
Nerima,doctors,58
Nerima,hospital,6
Nerima,pharmacy,90
Neyagawa,clinic,53
Neyagawa,dentist,35
Neyagawa,doctors,7
Neyagawa,hospital,20
Neyagawa,pharmacy,62
Nichinan,clinic,1
Nichinan,dentist,3
Nichinan,hospital,8
Nichinan,pharmacy,3
Nihonmatsu,clinic,1
Nihonmatsu,pharmacy,1
Niigata,clinic,2
Niigata,dentist,17
Niigata,doctors,14
Niigata,hospital,6
Niigata,pharmacy,19
Niigata,NA,2
Niihama,clinic,5
Niihama,dentist,3
Niihama,doctors,1
Niihama,hospital,18
Niihama,pharmacy,13
Niimi,hospital,3
Niimi,pharmacy,1
Niiza,clinic,2
Niiza,dentist,1
Niiza,doctors,6
Niiza,hospital,5
Niiza,pharmacy,9
Nikaho,clinic,6
Nikaho,dentist,5
Nikaho,doctors,1
Nikaho,hospital,1
Nikaho,pharmacy,9
Ninomiya,clinic,1
Ninomiya,doctors,1
Ninomiya,pharmacy,2
Nirasaki,doctors,5
Nirasaki,hospital,6
Nirasaki,pharmacy,7
Niseko,dentist,1
Nishiazai,doctors,2
Nishihara,doctors,3
Nishihara,hospital,2
Nishihara,pharmacy,1
Nishiizu,doctors,1
Nishiizu,pharmacy,2
Nishikatsura,pharmacy,1
Nishikawa,hospital,1
Nishikawa,pharmacy,3
Nishimera,hospital,1
Nishinomiya,clinic,115
Nishinomiya,dentist,84
Nishinomiya,doctors,68
Nishinomiya,hospital,13
Nishinomiya,pharmacy,82
Nishinomiya,NA,1
Nishinoomote,hospital,3
Nishinoshima,hospital,1
Nishio,clinic,2
Nishio,dentist,2
Nishio,hospital,5
Nishio,pharmacy,1
Nishiwaga,clinic,3
Nishiwaga,doctors,1
Nishiwaga,pharmacy,3
Nishiwaki,clinic,17
Nishiwaki,dentist,11
Nishiwaki,hospital,2
Nishiwaki,pharmacy,21
Nisshin,dentist,12
Nisshin,doctors,21
Nisshin,hospital,5
Nisshin,pharmacy,12
Niyodogawa,hospital,1
Nobeoka,doctors,2
Nobeoka,hospital,18
Noboribetsu,hospital,1
Noboribetsu,pharmacy,2
Noda,hospital,9
Noda,pharmacy,1
Noheji,clinic,5
Noheji,dentist,6
Noheji,hospital,1
Noheji,pharmacy,10
Nojiri,hospital,2
Nomi,clinic,1
Nomi,dentist,2
Nomi,doctors,2
Nomi,hospital,2
Nomi,pharmacy,3
Nonoichi,hospital,5
Nonoichi,pharmacy,2
Nose,doctors,1
Nose,hospital,1
Noshiro,clinic,2
Noshiro,hospital,2
Noshiro,pharmacy,5
Noto,hospital,2
Numata,hospital,4
Numata,pharmacy,1
Numazu,clinic,3
Numazu,dentist,3
Numazu,doctors,8
Numazu,hospital,14
Numazu,pharmacy,10
Obanazawa,clinic,7
Obanazawa,dentist,4
Obanazawa,pharmacy,7
Obihiro,clinic,1
Obihiro,dentist,1
Obihiro,doctors,3
Obihiro,hospital,2
Obihiro,pharmacy,5
Obuse,pharmacy,2
Ochi,hospital,4
Odawara,clinic,1
Odawara,dentist,3
Odawara,hospital,12
Odawara,pharmacy,1
Oga,clinic,3
Oga,dentist,4
Oga,hospital,1
Oga,pharmacy,5
Ogano,hospital,1
Ogawa,hospital,5
Ogawa,pharmacy,3
Ogi,hospital,3
Ogi,pharmacy,1
Ogose,pharmacy,2
Oguni,hospital,2
Oguni,pharmacy,5
Ojiya,dentist,2
Ojiya,doctors,2
Ojiya,pharmacy,4
Okabe,clinic,2
Okabe,dentist,3
Okabe,doctors,2
Okabe,pharmacy,1
Okagaki,hospital,5
Okayama,clinic,30
Okayama,dentist,79
Okayama,doctors,85
Okayama,hospital,59
Okayama,pharmacy,98
Okazaki,clinic,107
Okazaki,dentist,76
Okazaki,doctors,15
Okazaki,hospital,21
Okazaki,pharmacy,22
Okazaki,NA,1
Okegawa,clinic,1
Okegawa,dentist,11
Okegawa,doctors,4
Okegawa,hospital,3
Okegawa,pharmacy,6
Okinawa,dentist,1
Okinawa,doctors,1
Okinawa,hospital,16
Okinawa,pharmacy,5
Okinoshima,hospital,2
Okuizumo,doctors,1
Okuizumo,hospital,1
Okuizumo,pharmacy,1
Okutama,doctors,2
Okutama,hospital,1
Omaezaki,dentist,11
Omaezaki,doctors,8
Omaezaki,hospital,2
Omaezaki,pharmacy,2
Omitama,hospital,1
Omitama,pharmacy,1
Onagawa,dentist,1
Onagawa,hospital,1
Onagawa,pharmacy,2
Onga,doctors,2
Onga,hospital,3
Onna,clinic,1
Onna,doctors,1
Ono,clinic,16
Ono,dentist,5
Ono,hospital,2
Ono,pharmacy,11
Onomichi,clinic,6
Onomichi,dentist,7
Onomichi,doctors,14
Onomichi,hospital,10
Onomichi,pharmacy,23
Osaka,clinic,320
Osaka,dentist,352
Osaka,doctors,319
Osaka,hospital,188
Osaka,pharmacy,515
Osaka,NA,7
Otaru,clinic,2
Otaru,dentist,12
Otaru,doctors,3
Otaru,hospital,3
Otaru,pharmacy,12
Otaru,NA,1
Otawara,doctors,2
Otawara,hospital,1
Otofuke,clinic,1
Otofuke,hospital,2
Owariasahi,clinic,1
Owariasahi,dentist,2
Owariasahi,doctors,1
Owariasahi,hospital,5
Owariasahi,pharmacy,1
Owase,clinic,7
Owase,doctors,1
Owase,hospital,1
Owase,pharmacy,11
Oyabe,hospital,7
Oyama,hospital,4
Oyama,pharmacy,3
Rausu,pharmacy,1
Rebun,hospital,2
Reihoku,hospital,4
Rifu,clinic,12
Rifu,dentist,6
Rifu,doctors,1
Rifu,hospital,2
Rifu,pharmacy,7
Rikuzentakata,dentist,1
Rikuzentakata,doctors,2
Rikuzentakata,hospital,2
Rikuzentakata,pharmacy,4
Rishiri,pharmacy,1
Rokunohe,dentist,1
Rumoi,dentist,1
Rumoi,pharmacy,1
Rusutsu,pharmacy,1
Sabae,dentist,3
Sabae,doctors,5
Sabae,hospital,12
Sabae,pharmacy,10
Sado,hospital,1
Saga,clinic,27
Saga,dentist,12
Saga,doctors,2
Saga,hospital,15
Saga,pharmacy,11
Sagae,clinic,22
Sagae,dentist,18
Sagae,doctors,2
Sagae,pharmacy,13
Sagamihara,clinic,6
Sagamihara,dentist,80
Sagamihara,doctors,77
Sagamihara,hospital,39
Sagamihara,pharmacy,129
Saikai,hospital,2
Saikai,pharmacy,1
Saiki,hospital,10
Saitama,clinic,79
Saitama,dentist,215
Saitama,doctors,218
Saitama,hospital,32
Saitama,pharmacy,300
Saitama,NA,4
Sakado,dentist,11
Sakado,doctors,18
Sakado,hospital,6
Sakado,pharmacy,22
Sakae,hospital,1
Sakae,pharmacy,2
Sakai,clinic,193
Sakai,dentist,129
Sakai,doctors,19
Sakai,hospital,46
Sakai,pharmacy,156
Sakai,NA,1
Sakaide,doctors,1
Sakaide,hospital,6
Sakata,clinic,21
Sakata,dentist,36
Sakata,hospital,2
Sakata,pharmacy,37
Saku,clinic,1
Saku,dentist,2
Saku,doctors,2
Saku,hospital,2
Saku,pharmacy,2
Sakuho,dentist,1
Sakuho,pharmacy,2
Sakura,clinic,16
Sakura,dentist,8
Sakura,hospital,12
Sakura,pharmacy,21
Sakuragawa,pharmacy,2
Sakurai,clinic,5
Sakurai,dentist,5
Sakurai,hospital,5
Sakurai,pharmacy,1
Samani,pharmacy,1
Samukawa,dentist,2
Samukawa,doctors,2
Samukawa,hospital,2
Samukawa,pharmacy,5
Sanda,dentist,3
Sanda,hospital,10
Sanda,pharmacy,4
Sanmu,hospital,1
Sanmu,pharmacy,1
Sannohe,clinic,2
Sannohe,dentist,1
Sannohe,pharmacy,6
Sano,dentist,1
Sano,doctors,3
Sano,hospital,2
Sano,pharmacy,2
Sano,NA,1
Sanuki,dentist,8
Sanuki,doctors,7
Sanuki,hospital,5
Sanuki,pharmacy,8
Sapporo,clinic,21
Sapporo,dentist,449
Sapporo,doctors,440
Sapporo,hospital,140
Sapporo,pharmacy,242
Sapporo,NA,3
Sarabetsu,clinic,1
Sarabetsu,dentist,1
Sarabetsu,hospital,2
Sarabetsu,pharmacy,3
Sasaguri,hospital,4
Sasayama,hospital,3
Sasayama,pharmacy,1
Sasebo,doctors,1
Sasebo,hospital,29
Sasebo,pharmacy,3
Satsuma,doctors,1
Satsuma,hospital,6
Satsuma,pharmacy,2
Satsumasendai,clinic,1
Satsumasendai,doctors,2
Satsumasendai,hospital,12
Satte,hospital,4
Satte,pharmacy,1
Sayama,clinic,1
Sayama,doctors,2
Sayama,hospital,16
Sayama,pharmacy,5
Seika,clinic,2
Seika,dentist,4
Seika,hospital,3
Seika,pharmacy,3
Seiyo,dentist,1
Seiyo,hospital,4
Seki,dentist,1
Seki,doctors,3
Seki,hospital,3
Seki,pharmacy,5
Sekigahara,hospital,1
Semboku,clinic,1
Semboku,hospital,1
Semboku,pharmacy,3
Sendai,clinic,564
Sendai,dentist,386
Sendai,doctors,37
Sendai,hospital,31
Sendai,pharmacy,441
Sendai,NA,3
Sennan,clinic,5
Sennan,dentist,3
Sennan,hospital,6
Sennan,pharmacy,5
Sera,hospital,1
Setagaya,clinic,15
Setagaya,dentist,186
Setagaya,doctors,197
Setagaya,hospital,50
Setagaya,pharmacy,210
Setagaya,NA,2
Setana,doctors,1
Setana,hospital,1
Setana,pharmacy,1
Seto,hospital,7
Seto,pharmacy,2
Setouchi,hospital,7
Setouchi,pharmacy,3
Settsu,clinic,2
Settsu,dentist,1
Settsu,doctors,1
Settsu,hospital,1
Settsu,pharmacy,2
Shibakawa,dentist,1
Shibata,clinic,23
Shibata,dentist,19
Shibata,doctors,5
Shibata,hospital,2
Shibata,pharmacy,31
Shibata,NA,2
Shibukawa,hospital,9
Shibukawa,pharmacy,2
Shibushi,hospital,6
Shibushi,pharmacy,1
Shibuya,clinic,14
Shibuya,dentist,63
Shibuya,doctors,59
Shibuya,hospital,18
Shibuya,pharmacy,62
Shibuya,NA,3
Shichigahama,clinic,5
Shichigahama,dentist,4
Shichigahama,doctors,1
Shichigahama,pharmacy,5
Shihoro,dentist,2
Shihoro,doctors,1
Shihoro,pharmacy,1
Shikabe,dentist,2
Shikabe,hospital,2
Shikabe,pharmacy,2
Shiki,clinic,2
Shiki,dentist,1
Shiki,hospital,2
Shiki,pharmacy,4
Shima,clinic,2
Shima,dentist,7
Shima,doctors,9
Shima,hospital,5
Shima,pharmacy,5
Shimabara,dentist,1
Shimabara,hospital,9
Shimada,clinic,1
Shimada,dentist,7
Shimada,doctors,12
Shimada,hospital,2
Shimada,pharmacy,7
Shimamoto,clinic,2
Shimamoto,dentist,3
Shimamoto,doctors,1
Shimamoto,pharmacy,4
Shimanto,hospital,2
Shimizu,hospital,3
Shimizu,pharmacy,1
Shimoda,clinic,1
Shimoda,dentist,1
Shimoda,doctors,3
Shimoda,hospital,4
Shimoda,pharmacy,4
Shimoichi,hospital,1
Shimonita,hospital,1
Shimonita,pharmacy,1
Shimonoseki,clinic,1
Shimonoseki,dentist,7
Shimonoseki,doctors,16
Shimonoseki,hospital,31
Shimonoseki,pharmacy,5
Shimosuwa,doctors,1
Shimosuwa,hospital,1
Shimosuwa,pharmacy,1
Shimotsuke,clinic,10
Shimotsuke,dentist,15
Shimotsuke,doctors,1
Shimotsuke,hospital,7
Shimotsuke,pharmacy,19
Shimotsuma,clinic,2
Shimotsuma,dentist,3
Shimotsuma,doctors,2
Shimotsuma,pharmacy,5
Shinagawa,clinic,8
Shinagawa,dentist,31
Shinagawa,doctors,34
Shinagawa,hospital,13
Shinagawa,pharmacy,50
Shinagawa,NA,2
Shinchi,doctors,1
Shinchi,hospital,1
Shinchi,pharmacy,1
Shinhidaka,hospital,1
Shinhidaka,pharmacy,1
Shinjo,clinic,21
Shinjo,dentist,19
Shinjo,hospital,2
Shinjo,pharmacy,26
Shinjuku,clinic,17
Shinjuku,dentist,49
Shinjuku,doctors,42
Shinjuku,hospital,13
Shinjuku,pharmacy,109
Shinshiro,doctors,2
Shinshiro,hospital,20
Shinshiro,pharmacy,12
Shintomi,dentist,1
Shintomi,hospital,1
Shintotsukawa,hospital,2
Shiogama,clinic,24
Shiogama,dentist,20
Shiogama,hospital,2
Shiogama,pharmacy,22
Shiojiri,dentist,3
Shiojiri,doctors,5
Shiojiri,hospital,1
Shiojiri,pharmacy,8
Shioya,pharmacy,1
Shirahama,hospital,1
Shirakawa,dentist,2
Shirakawa,doctors,10
Shirakawa,hospital,1
Shirakawa,pharmacy,6
Shiraoka,clinic,3
Shiraoka,dentist,7
Shiraoka,doctors,4
Shiraoka,pharmacy,7
Shirataka,hospital,1
Shirataka,pharmacy,2
Shiroishi,clinic,22
Shiroishi,dentist,11
Shiroishi,hospital,6
Shiroishi,pharmacy,21
Shirosato,dentist,1
Shirosato,pharmacy,2
Shisui,dentist,1
Shisui,doctors,1
Shisui,hospital,1
Shisui,pharmacy,3
Shitara,hospital,5
Shitara,pharmacy,3
Shiwa,hospital,1
Shizukuishi,doctors,1
Shizuoka,clinic,21
Shizuoka,dentist,17
Shizuoka,doctors,211
Shizuoka,hospital,33
Shizuoka,pharmacy,75
Shizuoka,NA,1
Sodegaura,doctors,34
Sodegaura,hospital,1
Sodegaura,pharmacy,4
Soeda,hospital,2
Soo,hospital,8
Sotogahama,clinic,1
Sotogahama,dentist,1
Sotogahama,pharmacy,3
Sue,hospital,1
Suginami,clinic,28
Suginami,dentist,206
Suginami,doctors,174
Suginami,hospital,23
Suginami,pharmacy,210
Suginami,NA,3
Sugito,hospital,1
Suita,clinic,10
Suita,dentist,56
Suita,doctors,110
Suita,pharmacy,81
Sukagawa,dentist,3
Sukumo,hospital,5
Sukumo,pharmacy,2
Sumida,clinic,3
Sumida,dentist,14
Sumida,doctors,13
Sumida,hospital,16
Sumida,pharmacy,16
Sumoto,clinic,1
Sumoto,hospital,3
Sunagawa,doctors,1
Sunagawa,hospital,1
Sunagawa,pharmacy,3
Susaki,hospital,2
Susami,hospital,1
Susami,pharmacy,1
Susono,dentist,3
Susono,doctors,8
Susono,hospital,4
Susono,pharmacy,5
Suwa,clinic,1
Suwa,dentist,1
Suwa,pharmacy,3
Suzaka,clinic,1
Suzaka,hospital,1
Suzu,hospital,1
Suzuka,clinic,4
Suzuka,dentist,6
Suzuka,doctors,6
Suzuka,hospital,6
Suzuka,pharmacy,6
Tachikawa,clinic,2
Tachikawa,dentist,10
Tachikawa,doctors,9
Tachikawa,hospital,10
Tachikawa,pharmacy,26
Tadami,doctors,1
Tadami,pharmacy,1
Tadaoka,clinic,1
Tadaoka,doctors,1
Tadaoka,hospital,1
Tadaoka,pharmacy,2
Tadotsu,doctors,1
Tadotsu,hospital,4
Tadotsu,pharmacy,1
Tagawa,hospital,7
Tahara,dentist,1
Tahara,doctors,2
Tahara,pharmacy,1
Tainai,pharmacy,4
Taishi,doctors,2
Taishi,hospital,2
Taishi,pharmacy,3
Tajimi,clinic,3
Tajimi,dentist,2
Tajimi,doctors,4
Tajimi,hospital,4
Tajimi,pharmacy,5
Tajiri,clinic,4
Tajiri,dentist,5
Tajiri,hospital,1
Tajiri,pharmacy,4
Taka,hospital,2
Takachiho,hospital,2
Takahagi,hospital,1
Takahama,clinic,1
Takahama,doctors,1
Takahama,hospital,1
Takahashi,doctors,4
Takahashi,hospital,4
Takahata,clinic,7
Takahata,dentist,4
Takahata,pharmacy,6
Takaishi,clinic,1
Takaishi,dentist,1
Takaishi,doctors,4
Takaishi,hospital,4
Takaishi,pharmacy,3
Takamatsu,clinic,5
Takamatsu,dentist,9
Takamatsu,doctors,24
Takamatsu,hospital,62
Takamatsu,pharmacy,30
Takamatsu,NA,1
Takamori,hospital,5
Takanabe,clinic,1
Takanabe,hospital,3
Takaoka,clinic,1
Takaoka,dentist,3
Takaoka,hospital,16
Takaoka,pharmacy,2
Takarazuka,clinic,41
Takarazuka,dentist,16
Takarazuka,doctors,6
Takarazuka,hospital,3
Takarazuka,pharmacy,34
Takasago,clinic,22
Takasago,dentist,3
Takasago,doctors,2
Takasago,hospital,4
Takasago,pharmacy,21
Takasaki,clinic,6
Takasaki,dentist,5
Takasaki,doctors,10
Takasaki,hospital,22
Takasaki,pharmacy,12
Takashima,clinic,8
Takashima,dentist,8
Takashima,doctors,2
Takashima,hospital,3
Takashima,pharmacy,4
Takatori,hospital,1
Takatsuki,clinic,49
Takatsuki,dentist,37
Takatsuki,doctors,33
Takatsuki,hospital,27
Takatsuki,pharmacy,49
Takayama,doctors,3
Takayama,hospital,6
Takayama,pharmacy,5
Takehara,hospital,4
Takeo,hospital,5
Takeo,pharmacy,2
Taketomi,doctors,2
Taketomi,hospital,1
Taketoyo,hospital,7
Tako,pharmacy,2
Taku,hospital,4
Taku,pharmacy,1
Tama,clinic,3
Tama,dentist,8
Tama,doctors,11
Tama,hospital,5
Tama,pharmacy,17
Tamaki,hospital,1
Tamamura,clinic,4
Tamamura,dentist,3
Tamamura,doctors,1
Tamamura,pharmacy,5
Tamana,hospital,5
Tamana,pharmacy,1
Tamano,dentist,1
Tamano,doctors,1
Tamano,hospital,7
Tamba,hospital,4
Tamba,pharmacy,1
Tamura,hospital,2
Tamura,pharmacy,4
Tano,hospital,1
Tara,hospital,3
Taragi,hospital,1
Taragi,pharmacy,1
Tarui,hospital,2
Tarui,pharmacy,2
Tatebayashi,clinic,6
Tatebayashi,dentist,4
Tatebayashi,doctors,1
Tatebayashi,hospital,7
Tatebayashi,pharmacy,15
Tateshina,pharmacy,1
Tateyama,clinic,2
Tateyama,dentist,1
Tateyama,doctors,1
Tateyama,hospital,6
Tateyama,pharmacy,3
Tatsuno,hospital,9
Tatsuno,pharmacy,6
Tawaramoto,dentist,1
Tawaramoto,hospital,2
Tawaramoto,pharmacy,1
Tendo,clinic,33
Tendo,dentist,21
Tendo,hospital,3
Tendo,pharmacy,14
Tenri,clinic,1
Tenri,hospital,3
Teshio,pharmacy,1
Toba,doctors,3
Toba,pharmacy,1
Tobe,doctors,1
Tobe,hospital,2
Tobe,pharmacy,1
Tochigi,clinic,7
Tochigi,dentist,1
Tochigi,hospital,1
Tochigi,pharmacy,7
Toda,hospital,11
Toda,pharmacy,8
Togitsu,dentist,1
Togitsu,doctors,2
Togitsu,hospital,1
Toki,doctors,1
Toki,hospital,3
Tokoname,doctors,3
Tokoname,hospital,1
Tokoname,pharmacy,2
Tokorozawa,clinic,14
Tokorozawa,dentist,18
Tokorozawa,doctors,13
Tokorozawa,hospital,36
Tokorozawa,pharmacy,45
Tokorozawa,NA,4
Tokunoshima,hospital,3
Tokushima,dentist,4
Tokushima,doctors,10
Tokushima,hospital,44
Tokushima,pharmacy,13
Tomakomai,clinic,2
Tomakomai,dentist,1
Tomakomai,hospital,2
Tomakomai,pharmacy,4
Tome,clinic,25
Tome,dentist,19
Tome,hospital,4
Tome,pharmacy,26
Tomigusuku,dentist,2
Tomigusuku,doctors,2
Tomigusuku,hospital,2
Tomigusuku,pharmacy,5
Tomioka,clinic,1
Tomioka,dentist,2
Tomioka,doctors,3
Tomioka,hospital,2
Tomioka,pharmacy,5
Tomisato,hospital,2
Tomiya,clinic,13
Tomiya,dentist,15
Tomiya,hospital,2
Tomiya,pharmacy,10
Tonaki,doctors,1
Tonami,doctors,3
Tonami,hospital,6
Tondabayashi,clinic,4
Tondabayashi,dentist,9
Tondabayashi,doctors,8
Tondabayashi,hospital,6
Tondabayashi,pharmacy,9
Torahime,doctors,1
Toride,doctors,2
Toride,hospital,3
Toride,pharmacy,2
Tosa,hospital,1
Tosashimizu,hospital,4
Toshima,clinic,10
Toshima,dentist,34
Toshima,doctors,21
Toshima,hospital,13
Toshima,pharmacy,48
Tosu,clinic,1
Tosu,dentist,1
Tosu,hospital,9
Totsukawa,doctors,3
Tottori,clinic,22
Tottori,dentist,17
Tottori,doctors,8
Tottori,hospital,10
Tottori,pharmacy,29
Towada,clinic,17
Towada,dentist,9
Towada,doctors,1
Towada,hospital,3
Towada,pharmacy,35
Toyama,clinic,4
Toyama,dentist,7
Toyama,doctors,11
Toyama,hospital,19
Toyama,pharmacy,15
Toyoake,doctors,1
Toyoake,pharmacy,1
Toyohashi,clinic,7
Toyohashi,dentist,11
Toyohashi,doctors,14
Toyohashi,hospital,41
Toyohashi,pharmacy,24
Toyokawa,dentist,6
Toyokawa,doctors,4
Toyokawa,hospital,19
Toyokawa,pharmacy,15
Toyonaka,clinic,7
Toyonaka,dentist,25
Toyonaka,doctors,32
Toyonaka,hospital,10
Toyonaka,pharmacy,29
Toyone,hospital,2
Toyono,doctors,1
Toyooka,clinic,25
Toyooka,dentist,17
Toyooka,doctors,7
Toyooka,hospital,3
Toyooka,pharmacy,35
Toyosato,dentist,1
Toyosato,hospital,1
Toyosato,pharmacy,1
Toyota,clinic,3
Toyota,dentist,3
Toyota,doctors,4
Toyota,hospital,15
Toyota,pharmacy,3
Toyotomi,hospital,1
Toyoura,hospital,1
Toyoura,pharmacy,1
Toyoyama,doctors,1
Tsu,clinic,4
Tsu,dentist,26
Tsu,doctors,8
Tsu,hospital,36
Tsu,pharmacy,17
Tsubata,hospital,1
Tsubata,pharmacy,3
Tsubetsu,hospital,1
Tsuchiura,pharmacy,13
Tsukuba,clinic,6
Tsukuba,dentist,12
Tsukuba,doctors,9
Tsukuba,hospital,12
Tsukuba,pharmacy,23
Tsukuba,NA,2
Tsukubamirai,hospital,1
Tsukubamirai,pharmacy,3
Tsumagoi,clinic,1
Tsumagoi,doctors,1
Tsunan,hospital,1
Tsuno,hospital,1
Tsuno,pharmacy,1
Tsuru,hospital,3
Tsuruga,hospital,7
Tsuruga,pharmacy,1
Tsurugashima,clinic,1
Tsurugashima,dentist,5
Tsurugashima,doctors,35
Tsurugashima,hospital,2
Tsurugashima,pharmacy,15
Tsurugi,hospital,2
Tsuruoka,clinic,40
Tsuruoka,dentist,20
Tsuruoka,doctors,1
Tsuruoka,hospital,1
Tsuruoka,pharmacy,24
Tsushima,clinic,1
Tsushima,dentist,1
Tsushima,doctors,5
Tsushima,hospital,3
Tsushima,pharmacy,2
Tsuwano,doctors,1
Tsuwano,hospital,2
Tsuwano,pharmacy,1
Tsuyama,clinic,6
Tsuyama,dentist,6
Tsuyama,doctors,4
Tsuyama,hospital,16
Tsuyama,pharmacy,7
Ube,clinic,2
Ube,hospital,12
Ube,pharmacy,2
Uchiko,hospital,3
Uchiko,pharmacy,1
Uchinada,hospital,2
Uda,clinic,2
Uda,dentist,5
Uda,doctors,2
Uda,hospital,2
Uda,pharmacy,2
Ueda,clinic,7
Ueda,doctors,3
Ueda,hospital,6
Ueda,pharmacy,1
Ueki,hospital,5
Uenohara,dentist,1
Uenohara,doctors,2
Uenohara,hospital,1
Uenohara,pharmacy,3
Ugo,dentist,1
Ugo,doctors,1
Ugo,hospital,1
Ugo,pharmacy,4
Uji,dentist,2
Uji,pharmacy,2
Ujitawara,clinic,1
Ujitawara,dentist,11
Ujitawara,doctors,22
Ujitawara,hospital,4
Ujitawara,pharmacy,10
Uki,dentist,1
Uki,doctors,1
Uki,hospital,7
Ukiha,hospital,3
Umi,hospital,4
Umi,pharmacy,1
Unnan,hospital,3
Unzen,hospital,4
Uozu,dentist,1
Uozu,hospital,8
Uozu,pharmacy,1
Urakawa,dentist,1
Urakawa,pharmacy,5
Urasoe,clinic,1
Urasoe,dentist,1
Urasoe,doctors,2
Urasoe,hospital,7
Urasoe,pharmacy,3
Ureshino,hospital,4
Uruma,dentist,1
Uruma,doctors,1
Uruma,hospital,7
Uruma,pharmacy,1
Usa,hospital,10
Ushiku,clinic,1
Ushiku,dentist,2
Ushiku,hospital,1
Ushiku,pharmacy,3
Usuki,hospital,1
Utazu,hospital,1
Uto,hospital,14
Uto,pharmacy,1
Utsunomiya,clinic,5
Utsunomiya,dentist,9
Utsunomiya,doctors,1
Utsunomiya,hospital,19
Utsunomiya,pharmacy,22
Uwajima,clinic,1
Uwajima,doctors,1
Uwajima,hospital,6
Wadomari,pharmacy,2
Wajima,dentist,2
Wajima,doctors,2
Wajima,hospital,1
Wajima,pharmacy,2
Wakayama,clinic,21
Wakayama,dentist,15
Wakayama,doctors,13
Wakayama,hospital,43
Wakayama,pharmacy,16
Wake,hospital,1
Waki,hospital,1
Waki,pharmacy,1
Wakkanai,dentist,5
Wakkanai,doctors,2
Wakkanai,hospital,1
Wakkanai,pharmacy,9
Wakuya,clinic,5
Wakuya,dentist,5
Wakuya,hospital,4
Wakuya,pharmacy,6
Warabi,dentist,2
Warabi,hospital,5
Warabi,pharmacy,2
Watari,clinic,13
Watari,dentist,8
Watari,doctors,1
Watari,hospital,1
Watari,pharmacy,6
Wazuka,hospital,1
Yabu,doctors,2
Yabu,hospital,2
Yabu,pharmacy,1
Yachimata,hospital,3
Yachimata,pharmacy,1
Yachiyo,clinic,4
Yachiyo,dentist,13
Yachiyo,doctors,8
Yachiyo,hospital,7
Yachiyo,pharmacy,15
Yaese,dentist,1
Yaese,doctors,1
Yaese,hospital,1
Yaese,pharmacy,4
Yahaba,clinic,5
Yahaba,dentist,4
Yahaba,pharmacy,5
Yahiko,doctors,1
Yaita,clinic,2
Yaita,dentist,2
Yaita,doctors,5
Yaita,hospital,1
Yaita,pharmacy,4
Yaizu,clinic,1
Yaizu,dentist,3
Yaizu,doctors,5
Yaizu,hospital,4
Yaizu,pharmacy,13
Yakage,hospital,2
Yakage,pharmacy,1
Yakage,NA,1
Yakumo,doctors,2
Yakushima,hospital,1
Yamada,clinic,1
Yamada,hospital,1
Yamaga,hospital,7
Yamagata,clinic,64
Yamagata,dentist,50
Yamagata,doctors,1
Yamagata,hospital,7
Yamagata,pharmacy,51
Yamagata,NA,1
Yamaguchi,dentist,5
Yamaguchi,doctors,6
Yamaguchi,hospital,14
Yamaguchi,pharmacy,4
Yamamoto,clinic,1
Yamamoto,dentist,3
Yamamoto,doctors,1
Yamamoto,pharmacy,5
Yamanakako,clinic,1
Yamanakako,hospital,1
Yamanashi,doctors,2
Yamanashi,hospital,4
Yamanashi,pharmacy,2
Yamato,clinic,1
Yamato,dentist,96
Yamato,doctors,95
Yamato,hospital,11
Yamato,pharmacy,83
Yamatotakada,clinic,10
Yamatotakada,dentist,6
Yamatotakada,hospital,3
Yamatotakada,pharmacy,10
Yame,hospital,4
Yanagawa,dentist,9
Yanagawa,doctors,12
Yanagawa,hospital,8
Yanagawa,pharmacy,7
Yanagawa,NA,1
Yanai,hospital,4
Yao,clinic,50
Yao,dentist,31
Yao,doctors,8
Yao,hospital,7
Yao,pharmacy,41
Yaotsu,doctors,1
Yaotsu,hospital,1
Yashio,hospital,2
Yashio,pharmacy,1
Yasu,hospital,3
Yasu,pharmacy,1
Yasugi,hospital,5
Yatomi,dentist,6
Yatomi,doctors,5
Yatomi,pharmacy,3
Yatsushiro,dentist,1
Yatsushiro,doctors,2
Yatsushiro,hospital,12
Yatsushiro,pharmacy,4
Yawata,clinic,1
Yawata,dentist,2
Yawata,doctors,7
Yawata,hospital,3
Yawata,pharmacy,6
Yawatahama,clinic,3
Yawatahama,dentist,2
Yawatahama,doctors,6
Yawatahama,hospital,7
Yawatahama,pharmacy,12
Yazu,clinic,2
Yazu,dentist,2
Yazu,doctors,1
Yazu,pharmacy,1
Yogo,doctors,1
Yoichi,clinic,1
Yoichi,dentist,1
Yokkaichi,clinic,4
Yokkaichi,dentist,10
Yokkaichi,doctors,11
Yokkaichi,hospital,13
Yokkaichi,pharmacy,12
Yokohama,clinic,85
Yokohama,dentist,523
Yokohama,doctors,602
Yokohama,hospital,118
Yokohama,pharmacy,598
Yokohama,NA,5
Yokosuka,clinic,12
Yokosuka,dentist,23
Yokosuka,doctors,18
Yokosuka,hospital,5
Yokosuka,pharmacy,26
Yokote,clinic,5
Yokote,dentist,3
Yokote,hospital,2
Yokote,pharmacy,9
Yomitan,doctors,2
Yomitan,hospital,3
Yomitan,pharmacy,4
Yonabaru,hospital,1
Yonago,dentist,3
Yonago,doctors,8
Yonago,hospital,10
Yonago,pharmacy,10
Yonaguni,hospital,1
Yonezawa,clinic,38
Yonezawa,dentist,28
Yonezawa,hospital,4
Yonezawa,pharmacy,47
Yorii,hospital,3
Yorii,pharmacy,1
Yoron,hospital,1
Yosano,doctors,1
Yosano,hospital,1
Yosano,pharmacy,3
Yoshida,dentist,4
Yoshida,doctors,9
Yoshida,pharmacy,3
Yoshii,hospital,1
Yoshii,pharmacy,2
Yoshika,hospital,1
Yoshikawa,hospital,1
Yoshikawa,pharmacy,1
Yoshimi,hospital,1
Yoshino,hospital,1
Yoshino,pharmacy,2
Yoshinogari,pharmacy,1
Yoshinogawa,dentist,1
Yoshinogawa,doctors,2
Yoshinogawa,hospital,4
Yoshitomi,doctors,1
Yotsukaido,doctors,1
Yotsukaido,hospital,3
Yuasa,clinic,5
Yuasa,dentist,2
Yuasa,hospital,1
Yuasa,pharmacy,6
Yufu,dentist,1
Yufu,hospital,3
Yugawara,hospital,4
Yukuhashi,hospital,4
Yurihama,clinic,1
Yurihama,hospital,1
Yusuhara,hospital,1
Yuza,hospital,1
Yuza,pharmacy,1
Yuzawa,clinic,17
Yuzawa,dentist,13
Yuzawa,hospital,1
Yuzawa,pharmacy,17
Zama,dentist,12
Zama,doctors,17
Zama,hospital,7
Zama,pharmacy,15
Zushi,clinic,1
Zushi,dentist,13
Zushi,doctors,32
Zushi,hospital,1
Zushi,pharmacy,18
